metric_name,result
length_score,"[0.6929133858267716, 0.898989898989899, 0.463768115942029, 0.8539325842696629, 0.5909090909090909, 0.9558823529411765, 0.6666666666666666, 0.7910447761194029, 0.9239130434782609, 0.7459016393442623, 0.6240601503759399, 0.7425742574257426, 0.788135593220339, 0.98989898989899, 0.5909090909090909, 0.4301675977653631, 0.6710526315789473, 0.7457627118644068, 0.7529411764705882, 0.6377952755905512, 0.5988700564971752, 0.656, 0.8071428571428572, 0.45145631067961167, 0.7966101694915254, 0.8, 0.38235294117647056, 0.4950980392156863, 0.6240601503759399, 0.7870370370370371, 0.8636363636363636, 0.42487046632124353, 0.65, 0.44751381215469616, 0.7570093457943925, 0.8, 0.9495798319327731, 0.6204819277108434, 0.8035714285714286, 0.7899159663865546, 0.8217821782178217, 0.8363636363636363, 0.7784810126582279, 0.6728395061728395, 0.4521276595744681, 0.4723926380368098, 0.6319018404907976, 0.48905109489051096, 0.6, 0.8869565217391304]"
